class,semantic_map_to,instance_map_to
3d printer,,
ac system,air conditioner,air conditioner
acoustic guitar,,
acoustic guitar case,,
action figure,,
adaptor,,
adjustable bench,,
adjusting rod,,
air conditioner,,
air conditioner remote,,
air conditioner tower,,
air conditioning,air conditioner,air conditioner
air diffuser,,
air duct,,
air freshener,,
air fryer,,
air heater,,
air humidifier,,
air mattress,,
air pipe,,
air pump,,
air purifier,,
air vent,,
air ventilator,ventilator,ventilator
alarm,alarm clock,alarm clock
alarm clock,,
alcohol bottle,,
alcoholic drinks,,
alcove,,
alcove bench,,
alligator clips,,
amazon alexa,,
anti splatter shield,,
apple,,
apples,apple,None
appliance,,
apron,,
ar tag,,
arch folder,,
arched ceiling,,
arm chair,,
armchair,,
ashtray,,
audio amplifier,,
audio equipment,,
audio interface,,
award,,
award frame,,
baby bassinet,bassinet,bassinet
baby bean bag,,
baby chair,,
baby mattress,,
baby musical crib,,
baby stroller,,
babyfoot table,,
backdrop,,
backdrop hook,,
backing paper pack,,
backpack,,
backpacks,backpack,None
backpag,,
backsplash,,
badge,,
badminton racket,,
badminton racket bag,,
bag,,
bag of chips,,
bag of oranges,,
bagpack,,
bags,bag,None
baguettes,,
bakcpack,backpack,backpack
baking pan,,
baking paper roll,,
baking sheet,,
baking tray,,
balcony door,,
ball,,
ball cart,,
ballon,balloon,balloon
blanket,,
baloons,balloon,None
banana,,
bananas,banana,None
banner,,
banquette,,
bar,,
bar cart,,
bar counter,,
bar soap,,
bar stool,,
bar table,,
barbecue grill,,
barbell,,
barber chair,,
barcode scanner,,
barrel,,
barstool,,
baseball cap,,
baseboard,,
basin,,
basket,,
basket contents,,
basket drawer,,
basketball,,
basketball basket,,
baskets,,
bath cabinet,,
bath counter,,
bath mat,,
bath robe,,
bath towel,,
bath tub,,
bathrobe,,
bathroom box,,
bathroom cabinet,,
bathroom cabinet drawer,,
bathroom ceiling light,,
bathroom clothes shelf,,
bathroom counter,,
bathroom divider,,
bathroom door,,
bathroom floor,,
bathroom holder,,
bathroom hook,,
bathroom light,,
bathroom mat,,
bathroom mirror,,
bathroom mirror lamp,,
bathroom mirror panel,,
bathroom rack,,
bathroom rug,,
bathroom shelf,,
bathroom sink,,
bathroom slippers,,
bathroom stall,,
bathroom stall partition,,
bathroom tiled shelf,,
bathroom tiled wall,,
bathroom vent,,
bathroom wall,,
bathtub,,
bathtub grab rail,,
bathtub tap,,
battery powered vacuum cleaner,,
beach ball,,
beach umbrella,,
beaker stand,,
beam,,
bean bag,,
bean bag chair,,
beanbag,,
beanie,,
bed,,
bedsheet,,
bed board,,
bed cover,,
bed drawer,,
bed frame,,
bed sheets,,
bedframe,,
bedisde table,bedside table,bedside table
bedpost,,
bedsheets,,
bedside cabinet,,
bedside counter,,
bedside drawer unit,,
bedside lamp,,
bedside shelf,,
bedside table,,
beer crate,,
beer pack,,
belt,,
belts,belt,None
bench,,
bench back rest,,
bench cushion,cushion,cushion
bench power supply,,
bench press,,
bench stool,,
beverage bottle,,
beverage bottles,beverage bottle,None
beverage can,,
beverage cans,,
beverage carton,,
beverage crate,crate,crate
beverage crates,crate,None
beverages,,None
bicycle,,
bicycle helmet,,
bike,,
bike helmet,,
billboard,,
billiards table,,
bin,,
binder,,
binders,,
binding machine,,
bio trash bin,,
blackboard,,
blackboard eraser,,
blackboard frame,,
blackboard stand,,
bladeless fan,,
blankets,,
blender,,
blender jug,,
blind,blinds,blinds
blind control rod,,
blind rail,,
blind rails,,
blind rod,,
blinds,,
blinds chain,,
blinds rail,,
blinds rod,,
blinds roller,,
blouse,,
blowtorch,,
bluetooth speaker,,
board,,
board eraser,,
board game,,
board games,,
body lotion container,,
body scrubber,,
body weight scale,,
boiler,,
book,,
book shelf,,
book stand,,
books,book,
bookshelf,,
boot,,
boots,,
boox,box,box
botlle,bottle,bottle
bottle,,
bottle carrier,,
bottle cleaning brush,,
bottle container,,
bottle crate,,
bottle spray,,
bottles,,
bottles case,,
botttle,bottle,bottle
bouquet,,
bowl,,
bowls,,
box,,
box container,,
box lid,,
boxes,,
bracket,,
bread,,
bread bag,,
bread box,,
bread knife,,
bread loaf,,
bread maker,,
bread toaster,,
breadbox,,
brick,,
brick wall,,
brief,,
brief case,,
briefcase,,
brochure,,
brochures,brochure,None
broom,,
broom handle,,
broom head,,
broomstick,,
brush,,
brushes,,
bucket,,
buckets,,
built-in shelf,,
bulletin board,,
bulletin boards,,
bunkbed,,
bunny chocolate,,
bunny decoration,,
button,,
c,None,None
cabbage,,
cabel,cable,cable
cabinet,,
cabinet base panel,,
cabinet ceilng,,
cabinet door,,
cabinet frame,,
cabinet side panel,,
cabinet top,,
cabinet top panel,,
cable,,
cable conduit,,
cable container,,
cable drum,,
cable duck,,
cable duct,,
cable duct support,,
cable duct supporters,,
cable duct supports,,
cable junction,,
cable junction box,,
cable panel,,
cable pathway,,
cable raceway,,
cable rack,,
cable roller,,
cable socket,,
cable spool,,
cable strip,,
cable tray,,
cable wheel,,
cables,cable,None
cactus,,
cafe curtain,,
calander,,
calculator,,
calendar,,
calender,,
camera,,
camera bag,,
camera stand,,
camping bag,,
camping bed,,
can,,
candle,,
candle holder,,
candles,,
candy box,,
canister,,
cannister,,
canopy bed,,
canvas,,
cap,,
car door,,
carboard,cardboard,cardboard
carboard box,box,box
card,,
card reader,,
cardboard,,
cardboard box,box,box
cardboard boxes,,
cardboard packing material,,
cardboard tube,,
cardboards,,
cardbox,,
cards,,
carpet,,
carrier cart,,
carrots,,
carrying case,,
cart,,
carton,,
case,,
cat bed,,
cat food bowl,,
cat play tower,,
cat scratching post,,
caution board,,
cd,,
cd player,,
cds,cd,None
ceiling lamp,,
ceiliing,,
ceiling,,
ceiling beam,,
ceiling cables,,
ceiling camp,,
ceiling fan,,
ceiling hanging lamp,,
ceiling lamp shade,,
ceiling lamps,,
ceiling lapm,,
ceiling light,ceiling lamp,ceiling lamp
ceiling light fixture,,
ceiling light rail,,
ceiling lights,,
ceiling object,,
ceiling pipe,,
ceiling speaker,,
ceiling sprinkler,,
ceiling vent,,
ceiling ventilation panel,,
ceiling ventilation valve,,
ceiling ventilator,,
ceiling lamp bar,,
ceilng light,ceiling lamp,ceiling lamp
cell phone,,
cellphone,,
central heating pipe,,
central speaker,,
center table,,
centrifuge,,
cereal box,,
cettel,,
chain,,
chair,,
chair cushion,,
chair leg,,
chairs,,
chalk board,,
chalkboard,,
chandelier,,
charcoal bag,,
charger,,
charger head,,
chart,,
cheese,,
chemical barrel,,
chemical bottle,,
chemical canister,,
chemical container,,
chessboard,,
chewing gum,,
chicken hat,,
chimney,,
chips,,
chips bag,,
chips box,,
chips can,,
chocolate bar,,
chocolate box,,
chopping board,,
chopsticks,,
chrismas tree,,
christmas ornament,,
christmas tree,,
cigarette box,,
cigarette pack,,
cigarette packet,,
circuit box,,
circular tray,,
citrus juicer,,
clamp,,
clamping lamp,,
classroom table,,
cleaner,,
cleaner bottle,,
cleaning agent bottle,,
cleaning brush,,
cleaning bucket,,
cleaning cloth,,
cleaning liquid,,
cleaning mop,,
cleaning product,,
cleaning supply,,
cleaning trolley,,
climbing wall,,
clipboard,,
clithes,clothes,None
clock,,
clogs,,
closet,,
closet rail,,
closet rod,,
cloth,,
cloth bag,,
cloth bags,,
cloth hanger,,
cloth hangers,,
cloth piece,,
cloth rack,,
clothes,,
clothes basket,,
clothes bin,,
clothes box,,
clothes dryer,,
clothes dryer rack,,
clothes drying rack,,
clothes drying stand,,
clothes hanger,,
clothes hanger rail,,
clothes hanger rod,,
clothes hangers,,
clothes hanging rack,,
clothes hanging rod,,
clothes hook,,
clothes iron,,
clothes rack,,
clothes rail,,
clothes rod,,
clothes stander,,
clothing,,
clothing iron,,
clothing rack,,
clothng rail,clothing rail,clothing rail
cloths,,
cnc machine,,
co detector,,
coarser,,
coaster,,
coasters,,
coat,,
coat hanger,,
coat hanger rack,,
coat hangers,,
coat hook,,
coat hooks,,
coat rack,,
coat stand,,
coat wall rack,,
coats,,
coax outlet,,
coax outlets,,
coax sockets,,
coffee machine,,
coffee,,
coffee bean grinder,,
coffee beans,,
coffee capsules,,
coffee cup,,
coffee jar,,
coffee maker,,
coffee mug,,
coffee packets,,
coffee pot,,
coffee table,,
colander,,
column,,
comb,,
comforter,,
compact wardrobe,,
compressor,,
computer,,
computer bag,,
computer cabinet,,
computer camera,,
computer desk,,
computer monitor,,
computer mouse,,
computer screen,,
computer table,,
computer tower,,
condiment bottle,,
condiments,,
conduit,,
conduit pipe,,
cone,,
conference table,,
conjunction box,,
console,,
construction materials,,
container,,
container basket,,
control panel,,
control switch,,
control unit,,
controller,,
cooker,,
cooker hood,,
cooking appliances,,
cooking mittens,,
cooking pan,,
cooking pot,,
cooking pot lid,,
cooking utensil,,
cooking utensils,,
cookware,,
cooling pad,,
copier,,
copy machine,,
corck board,cork board,cork board
cord,,
cord cover,,
cord duct,,
cord duct support,,
corded landline,,
corded telephone,,
cordless vacuum cleaner,,
corner bench,,
correction fluid,,
cosmetic bag,,
cosmetic bottle,,
cosmetic pouch,,
cosmetic tissue,,
cosmetic tube,,
couch,sofa,sofa
counter,,
countertop,,
countertop appliances,,None
cover,,
cover up panel,,
covered power socket,,
cowboy hat,,
cpu,,
crate,,
crate trolley,,
crates,,
cream,,
cream bottle,,
cream tube,,
creamer packets,,
creme,,
crocs,,
cube shelve,,
cube shelves,,
cubicle door,,
cubicle separator,,
cucumber,,
cup,,
cupboard,,
cupoard,cupboard,cupboard
cups,,
curling iron,,
curtain,,
curtain blinds,,
curtain frame,,
curtain holder,,
curtain pull cord,,
curtain rail,,
curtain rails,,
curtain rod,,
curtain roll,,
curtain slider,,
curtains,,
cushion,,
cushion cover,,
cushions,,
cutboard,cutti̇ng board,cutti̇ng board
cutlery stand,,
cutting board,,
cutting boards,,
cutti̇ng board,,
cylinder,,
cylindrical speaker,,
cylindrical stool,,
dart board,,
dartboard,,
darts board,,
datashow socket,,
desk lamp,,
deck chair,,
decoration,,
decoration centerpiece,,
decoration lamp,,
decoration piece,,
decoration pieces,,
decorations,,
decorative bowl,,
decorative cloth,,
decorative jar,,
decorative mat,,
decorative mirror,,
decorative pillar,,
decorative plant,,
decorative table,,
decorative tray,,
decorative wall,,
delivery bag,,
deodorant,,
deodorant bottle,,
deodorant can,,
desk,table,table
desk calendar,,
desk chair,,
desk devider,,
desk divider,,
desk fan,,
desk light,,
desk mat,,
desk mic,,
desk organiser,,
desk organizer,,
desk orginizer,desk organiser,desk organiser
desk power strip,,
detergent,,
detergent bag,,
detergent bottle,,
detergent box,,
detergent packet,,
detergent pods box,,
device,,
digital camera,,
digital piano,,
digital piano cover,,
digital piano stand,,
dimmer switch,,
dining chair,,
dining table,,
dining table mats,,
dinner table,,
dinnerware,,
disco ball,,
disco light,,
dish,,
dish brush,,
dish cloth,,
dish container,,
dish drainer,,
dish drying rack,,
dish drying tray,,
dish rack,,
dish rag,,
dish soap,,
dish soap bottle,,
dish sponge,,
dish sponges,,
dish towel,,
dish washer,,
dish washer soap,,
dish washing liquid,,
dishcloth,,
dishcloths,dishcloth,None
dishes,,
dishrag,,
dishrags,,
dishwasher,,
dishwashing liquid,,
dishwashing soap,,
dishwashing sponge,,
disinfectant dispenser,,
dispenser,,
dispenser bottle,,
display,,
display cabinet,,
display case,,
dj desk,,
docking station,,
document,,
document holder,,
document binder,,
document file folder,,
document folder,,
document organizer,,
document rack,,
document shredder,,
document tray,,
documents,,
dog bed,,
dog bone,,
dog bowl,,
dog toy,,
dog toy rope,,
dongle,,
door,,
doorframe,,
door blocker,,
door closer,,
door clothes hooks,,
door coat rack,,
door handle,,
door hinge,,
door hook,,
door hooks,,
door intercom,,
door knob,,
door lamp,,
door mat,,
door stoper,,
door stopper,,
door treshold,door threshold,door threshold
door vent,,
door window,,
doorbell chime,,
doorframw,doorframe,doorframe
doorknob,,
doormat,,
doorstop,,
doorway,,
double door,,
drain,,
drain stopper,,
drainage,,
draw cord,,
drawer,,
drawer cabinet,,
drawer organizer,,
drawers,,
drawstring pouch,,
dress,,
dresser,,
dried plant,,
drill,,
drilling machine,,
drink carton,,
drinking fountain,,
drone,,
dropped ceiling,,
drum,,
drum set,,
drying basket,,
drying machine,,
drying rack,,
dslr camera,,
duct,,
duct tape,,
duct tape roll,,
duffel bag,,
dumbbell,,
dumbbell case,,
dumbbells,,
dumbell,dumbbell,dumbbell
dumpster,,
dust bin,,
dust brush,,
dust collector,,
dust pan,,
dustbin,,
duster,,
dusting cloth,,
dustpan,,
dustpan and brush,,
duvet,,
dvd,,
dvd player,,
ear muffs,,
earbuds,,
earphones,,
easel,,
echo dot,,
egg,,
egg basket,,
egg carton,,
egg crate,,
eggs,,
exhaust fan,,
electric box,,
electric cabinet,,
electric cable extender,,
electric circuit board,,
electric cooker,,
electric duct,,
electric fan,,
electric guitar,,
electric hob,,
electric kettle,,
electric kettle pad,,
electric outlet,,
electric panel,,
electric panel door,,
electric piano,,
electric pot,,
electric socket,,
electric stove,,
electric switch,,
electric toorhbrush,electric toothbrush,electric toothbrush
electric toothbrush,,
electric wiring,,
electrical adapter,,
electrical board,,
electrical box,,
electrical cabinet,,
electrical control panel,,
electrical control panels,,
electrical duct,,
electrical ducts,,
electrical fan,,
electrical outlet,,
electrical panel,electrical control panel,electrical control panel
electrical pipe,,
electrical plug,,
electrical socket,,
electrical tape,,
electricity meter,,
electronic appliance,,
electronic breadboard,,
electronic device,,
electronic toothbrush,,
electrucal duct,electrical duct,electrical duct
elephant decoration piece,,
elephant toy,,
emergency button,,
emergency exit sign,,
emergency kit,,
emergency light,,
emergency shower,,
emergency sign,,
end table,,
energy meter,,
entertainment center,,
entryway organizer,,
entryway shelf,,
envelope,,
envelopes,,
equipment,,
equipment cover,,
eraser,,
ergonomic pillow,,
escape sign,,
esd mat,,
esd strap,,
espresso machine,,
exercise ball,,
exercise bike,,
exercise mat,,
exhaust duct,,
exhaust hood,,
exhaust pipe,,
exhaust vent,,
exhaustion fan,,
exhaustive fan,,
exit sign,,
experiment bench,,
extension board,,
extension box,,
extension chord reel,,
extension cord,,
extension plug,,
external memory,,
extractor fan,,
eyeglasses,,
fabric,,
face brick,,
face mask,,
facemask,face mask,face mask
facsimile,,
facuet,,
fake ceiling,ceiling,ceiling
false ceiling,ceiling,ceiling
fan,,
fan switch,,
fanny pack,,
faucet,,
faucet handle,,
figurine,,
file,,
file binder,,
file binders,,
file box,,
file cabinet,cabinet,cabinet
file folder,,
file folders,,
file holder,,
file organizer,,
file orginizer,,
file rack,,
file shelves,,
file stack,,
file storage,,
file tray,,
filefolders,,
filer organizer,,
files,,
filing cabinet,,
filter jug,,
fire alarm,,
fire destinguisher,,
fire extinguisher,,
fire extinguisher case,,
fire extinquisher,fire extinguisher,fire extinguisher
fireplace,,
fireplace surround,,
first aid kit,,
first aid box,,
first aid cabinet,,
first aid chart,,
first-aid bag,,
fitness mat,,
fitted wardrobe,,
flag,,
flask,,
flat panel display,,
flat screen display,,
flatbed trolley,,
flip chart,,
flip flop,,
flip flops,,
flipchart,,
flipflop,,
flipflops,,
floodlight,,
floor,,
floor cleaner,,
floor couch,,
floor cushion,,
floor lamp,,
floor mat,,
floor mats,,
floor mounted air conditioner,,
floor panel,,
floor scrubber,,
floor sofa,,
floor vent,,
floor wiper,,
floormat,,
flor,,
flour bag,,
flower,,
flower pot,,
flower vase,,
flowers,,
fluorescent lamp,,
flush,,
flush button,,
flush panel,,
flush plate,,
flush sensor,,
flush tank,,
flushes,,
flyswatter,,
foam roller,,
foil dispenser,,
foldable bench,,
foldable closet,,
foldable hanging closet,,
foldable mattress,,
folded bag,,
folded blanket,,
folded box,,
folded cardboard box,,
folded cardboard boxes,,
folded carton,,
folded paper,,
folded poster,,
folded rug,,
folded stool,,
folded table,,
folded tablecloth,,
folded towel,,
folder,,
folder holder,,
folder oragnizer,folder organizer,folder organizer
folders,,
folding bed,,
folding chair,,
folding desk,,
folding door,,
folding fan,,
folding mattress,,
folding room divider,,
folding screen,,
folding sofa,,
folding stool,,
folding table,,
folding umbrella,,
food,,
food bag,,
food container,,
food jar,,
food packaging,,
food pot,,
food products,,
food storage,,
food supplies,,
food supply,,
food tray,,
foodstuffs,,
foosball board,,
foosball table,,
foot massager,,
foot rest,,
foot stool,,
football,,
football stand,,
footrest,,
footstool,,
foreman grill,,
foset,faucet,faucet
fosit,faucet,faucet
frame,,
frame window screen,,
freezer,,
freezer display counter,,
french door,,
french press,,
french window,,
fridge,refrigerator,refrigerator
fridge magnet,,
fruit,,
fruit basket,,
fruit bowl,,
fruit hanger,,
fruits,,
fruits basket,,
fryer,,
frying pan,,
frying pans,,
fume cupboard,,
fume hood,,
funnel,,
fuse box,,
fuse panel,,
fusebox,,
game cd box,,
game console,,
game console controller,,
game controller,,
gamecontroller,game controller,game controller
gamer chair,,
gaming chair,,
garage door,door,door
garage shelf,,
garbage bag roll,,
garbage bin,,
garbage bin cover,,
garment bag,,
gas cylinder,,
gas tank,,
glass,,
glass bottle,bottle,bottle
glass bowl,,
glass cup,,
glass cups,,
glass door,,
glass jar,,
glass pane,,
glass plate,,
glass shelf,,
glass table,,
glass wall,,
glass wiper,,
glasses,,
glasses case,,
glasses cover,,
glasses holder,,
globe,,
glove,,
glove dispenser,,
gloves,,
glue bottle,,
golf rogue bag,,
grab bar,,
grab rail,,
grape,,
grated ceiling,,
grated floor mat,,
grated floor stand,,
grater,,
green vegetables,,
grill,,
grill pan,,
gripper,,
guillotine paper cutter,,
guitar,,
guitar amplifier,,
guitar bag,,
guitar case,,
guitar pedal,,
guitar stand,,
gym bag,,
gym ball,,
gym mat,,
gym mattress,,
gym plate,,
hair brush,,
hair comb,,
hair dryer,,
hair dryer cord,,
hair dryer holder,,
hair straightener,,
hairbrush,,
hairdryer,,
hairdryer attachment,,
hall door,,
hallway,,
hammer,,
hammer holder,,
hammock,,
hand bag,,
hand bell,,
hand dryer,,
hand mixer,,
hand sanitizer,,
hand sanitizer dispenser,,
hand sanitizer stand,,
hand shower,,
hand shower handle,,
hand soap,,
hand soap bottle,,
hand soap dispenser,,
hand towel,,
hand vacuum,,
hand washing liquid,,
hand washing soap,,
hand washing soap dispenser,,
handbag,,
handheld vacuum cleaner,,
handle,,
handle bar,,
handrail,,
handsoap,,
handwash,,
hangbag,,
hanger,,
hangers,,
hanging calendar,,
hanging chair,,
hanging closet,,
hanging deer skull,,
hanging frame,,
hanging hook,,
hanging lamp,,
hanging light,,
hanging light fixture,,
hanging shelf,,
hanging storage bin,,
hanging towel,,
hard drive,,
hat,,
head model,,
head phones,,
headboard,,
headphone,,
headphone bag,,
headphone case,,
headphone holder,,
headphones,,
headphones case,,
headrail,,
headset,,
hearth,,
heat pipe,,
heat shield,,
heater,,
heater tube,,
heels,,
helf,,
helmet,,
helping hands,,
hifi system,,
high bench,,
high chair,,
high pressure cylinder,,
high stool,,
high table,,
highlighter,,
hiking pole,,
hiking poles,,
hob,,
holder,,
hole punch,,
hole puncher,,
hood,,
hoodie,,
hook,,
hose,,
hose pipe,,
hot bag,,
hot water bag,,
human skeleton,,
humidifier,,
hydraulic press,,
hygiene product,,
hygiene products,,
ice cube tray,,
ice tray,,
in-table power socket,,
incense sticks,,
indoor crane,,
industrial machine,,
information board,,
information stand,,
instant pot,,
insulated can,,
insulated coffee mug,,
interactive board,,
interactive whiteboard,,
intercom,,
intercom device,,
intercom screen,,
intercorm,,
internet socket,,
iron,,
ironing board,,
ironing machine,,
ironing table,,
item tray,,
jacket,,
jackets,,
janitor cart,,
janitorial trolley,,
jar,,
jars,,
jeans,,
jerry can,,
jerrycan,,
joga mat,yoga mat,yoga mat
joined tables,,
joystick,,
jug,,
juice box,,
juice tetrapack,,
jump rope,,
jumper,,
jumping blocs,,
junction box,,
kayak,,
ketchup bottle,,
kettle,,
kettlebell,,
kettlle,,
key,,
key hanger,,
key reader,,
keyboard,,
keyboard piano,,
keyboards,,
khol,,
kichen cabinet,,
kitchen cabinet,,
kitchen appliance,,
kitchen apron,,
kitchen back splash,kitchen backsplash,kitchen backsplash
kitchen backsplash,,
kitchen bar,,
kitchen brush,,
kitchen cabinet base,,
kitchen cabinet top,,
kitchen cabonet,cabinet,cabinet
kitchen ceiling,,
kitchen chimney,,
kitchen cloth,,
kitchen container,,
kitchen counter,,
kitchen counter lamp,,
kitchen counter top,,
kitchen drawer,,
kitchen floor,,
kitchen glove,,
kitchen hob,,
kitchen hood,,
kitchen hutch,,
kitchen island,,
kitchen knife,,
kitchen knives,,
kitchen lamp,,
kitchen light,,
kitchen object,,
kitchen organizer,,
kitchen paper,,
kitchen paper roll,,
kitchen paper rolls,,
kitchen paper towel,,
kitchen pot,,
kitchen rack,,
kitchen robot,,
kitchen roll,,
kitchen shelf,,
kitchen sink,,
kitchen storage rack,,
kitchen stove,,
kitchen tap,,
kitchen tiled floor,,
kitchen tiled wall,,
kitchen towel,,
kitchen unit,,
kitchen utensil,,
kitchen utensil holder,,
kitchen utensils,,
kitchen utensils cup,,
kitchen wall,,
kitchen wall protector,,
kitchenware,,
knife,,
knife block,,
knife holder,,
knife set,,
knives,,
knives holder,,
knives set,,
knob,,
knobs,,
l-shaped sofa,,
lab appliance,,
lab cabinet,,
lab coat,,
lab equipment,,
lab fridge,,
lab incubator,,
lab machine,lab equipment,lab equipment
lab materials,,
lab stool,,
labcoat,lab coat,lab coat
laboratory bench,,
laboratory cabinet,cabinet,cabinet
laboratory equipment,,
laboratory pellet press,,
laboratory power supply,,
ladder,,
ladle,,
lamp,,
lamp foot switch,,
lamp footswitch,,
lamp supporter,,
lamp switch,,
lan,,
lan port,,
landline phone,,
landline socket,,
landline telephone,,
lantern,,
lanyard,,
laptop,,
laptop bag,,
laptop case,,
laptop charger,,
laptop cover,,
laptop holder,,
laptop pouch,,
laptop sleeve,,
laptop stand,,
laptop table,,
laptops,,
large laundry basket,,
lateral pulley,,
lathe,,
laundry,,
laundry bag,,
laundry basket,,
laundry detergent,,
laundry detergent bag,,
laundry detergent bottle,,
laundry detergent pads,,
laundry drying rack,,
laundry hamper,,
laundry hanger,,
laundry machine,,
laundry rack,,
laundry vent,,
laundy basket,,
leaf fan,,
leak,,
leather mattress,,
lectern,,
led ceiling fan,,
leftovers box,,
leg rest stool,,
lemons,,
letter tray,,
letter trays,,
lever switch,,
lever valve,,
lid,,
light,,
light bulb,,
light cover,,
light dimmer,,
light fixture,,
light panel,,
light stand,,
light strip,,
light swich,,
light swicth,,
light switch,,
light switch and power socket,,
light switch and power sockets,,
light switches,,
light switchs,light switches,light switches
light swtich,,
lightbulb,,
liight switch,,
lint roller,,
lint roller refill,,
liquid soap,,
liquid soap bottle,,
liquid soap dispenser,,
loafers,,
lock,,
locker,,
lockers,,
loft,,
loft bed,,
long brush,,
long pan,,
long pillow,,
loofah,,
loth,None,None
lotion,,
lotion bottle,,
lounge chair,,
lounge pug,,
low bookshelf,,
luggage,,
luggage bag,,
lunch bag,,
lunch box,,
machine,,
machine button,,
machine container,,
magazine,,
magazine collector,,
magazine holder,,
magazine rack,,
magazine stand,,
magazines,,
magnet,,
magnetic board,,
magnets,,
mailbox,,
main switchboard,,
make up product,,
make up supplies,,
make-up supply,,
makeup bag,,
makeup box,,
makeup pen,,
makeup set,,
mantel clock,,
manual forklift,,
map,,
map poster,,
marker,,
marker eraser,,
marker storage,,
mask,,
mat,,
mattress,,
mattress topper,,
mattresses,,
mayonnaise bottle,,
measuring spoon,,
medal,,
medals,,
medical appliance,,
medical machine,,
medical stool,,
medication,,
medicine bottle,,
medicine cabinet,,
meeting booth,,
meeting pod,,
messenger bag,,
metal board,,
metal briefcase,,
metal cup,,
metal frame,,
metal mount,,
metal rack,,
metal saw,,
metal sheet,,
microphone,,
microphone holder,,
microphone stand,,
microscope,,
microwave,,
microwave oven,,
midi controller,,
milk carton,,
milk cartons,,
milk jug,,
milling machine,,
mini fridge,,
mini oven,,
mini pc,,
mini shelf,,
mini sofa,,
mirror,,
mirror cabinet,,
mirror frame,,
mirror lamp,,
mirror light,,
mirror panel lamp,,
mirror shelf,,
mixer,,
mixer glass,,
mixer machine,,
mixing bowl,,
mobile phone,,
mobile tablet stand,,
mobile tv stand,,
model car,,
monitor,,
moka pot,,
monitor arm,,
monitor base,,
monitor cover,,
monitor holder,,
monitor lamp,,
monitor light,,
monitor stand,,
monitor support,,
mop,,
mop basin,,
mop bucket,,
mop cloth,,
mop pad,,
mop rag,,
mosquito swatter,,
moss pole,,
motorcycle helmet,,
mount,,
mouse,,
mouse  mat,,
mouse mat,,
mouse pad,,
mousepad,,
movement sensor,,
moving dolly,,
mug,cup,cup
mugs,,
multi socket,,
multifunction printer,,
multimeter,,
multiplug,,
murphy bed,,
mushroom lamp,,
music box,,
music equipment case,,
music keyboard,,
music record,,
music stand,,
napkin,,
napkin dispenser,,
neck bolster,,
neck pillow,,
neon light,,
network outlet,,
network socket,,
network switch,,
newspapers,,
night lamp,,
night stand,,
nightstand,,
nintendo switch,,
nose spray,,
note,,
notebook,,
notebooks,,
notepad,,
notes,,
notice,,
notice board,,
o,None,None
object,,
objects,,
office chair,,
office cabinet,cabinet,cabinet
office desk,table,table
office table,table,table
office visitor chair,,
oil bottle,,
oil diffuser,,
olive oil bottle,,
onions,,
opaque window panel,,
open box,,
open cabinet,cabinet,cabinet
open wardrobe,,
oragnizer,organizer,organizer
orange,,
oranges,,
organizer,,
organizer box,,
orginizer,organizer,organizer
ornament,,
ornamental box,,
oscilloscope,,
ottoman,,
ottoman chair,,
outdoor trash can,,
outlet,socket,socket
oven,,
oven controls,,
oven glove,,
oven gloves,,
oven mitt,,
oven mitten,,
oven mitts,,
oven panel,,
oven range,,
over door hooks,,
overhead cabinet,,
overhead projector,,
overhead shower,,
pack,,
package,,
package bag,,
package of paper,,
packet,,
packet of toilet paper,,
packets,,
paint bucket,,
paint jar,,
painting,,
paintings,,
pallet,,
pallet cage,,
palm rest,,
pamphlet,,
pan,,
pan lid,,
pan set,,
panel,,
panel door,,
panel light,,
panelboard,,
pans,,
pant,,
pantry,,
pants,,
papasan chair,,
paper,,
paper bag,,
paper bags,,
paper bin,,
paper box,,
paper boxes,,
paper container,,
paper cutter,,
paper dispenser,,
paper file,,
paper filers,,
paper files,,
paper holder,,
paper lamp,,
paper napkin roll,,
paper note,,
paper notebook,,
paper notes,,
paper organizer,,
paper package,,
paper packages,,
paper pag,,
paper puncher,,
paper rack,,
paper ram,,
paper roll,,
paper rolls,,
paper shredder,,
paper sign,,
paper stack,,
paper stapler,,
paper towel,,
paper towel dispenser,,
paper towel holder,,
paper towel pack,,
paper towel package,,
paper towel roll,,
paper towel rolls,,
paper towels,,
paper tray,,
paper trays,,
paper tube,,
paper weight,,
paperbag,,
papers,paper,paper
parallettes,,
parcel,,
partition,,
partition wall,,
pasta box,,
paste tube,,
pc,,
pc tower,,
picture,,
pedestal fan,,
peeler,,
pegboard,,
pelican case,,
pems,pen,None
pen,,
pen holder,,
pen jar,,
pen pouch,,
pen stand,,
pen tray,,
pencil,,
pencil case,,
pencil cup,,
pencil holder,,
pencil stand,,
pencilcase,,
pencils cup,,
pendant lamp,,
penholder,,
pens,,None
pensil case,pencil case,pencil case
pepper container,,
pepper mill,,
perfume bottle,,
personal hygiene product,,
pet bed,,
pet feeding plates,,
pet food bowl,,
pet food container,,
pet food tray,,
pet mat,,
pet water dispenser,,
phone,,
phone charger,,
phone charger],,
phone holder,,
phone line outlet,,
phone stand,,
phone tripod,,
photo,,
photo frame,,
photocopier,,
photocopy machine,,
photoframe,,
photograph,,
piano,,
piano bench,,
piano book,,
piano chair,,
piano foot pedal,,
piano stand,,
piano stool,,
picture card,,
picture frame,,
picture frames,,
pictures,,
picutre,picture,picture
pillow,,
pile of papers,,
pillar,,
pillowcase,,
pillows,,
pin board,,
pinboard,,
ping pong paddle,,
ping pong table,,
pipe,,
pipe storage rack,storage rack,storage rack
pipes,pipe,
piping,,
pissoir,,
pitcher,,
pizza box,,
pi̇cture,,
plank,,
planks,,
plant,,
plant pot,,
plant pot coaster,,
plant pot holder,,
plant pot mat,,
plant saucer,,
plant stand,,
planter,,
plants,,
plastic bag,,
plastic bags,,
plastic basin,,
plastic basket,,
plastic bin,,
plastic bottle,,
plastic box,,
plastic bucket,,
plastic can,,
plastic case,,
plastic container,,
plastic cup,,
plastic drum,,
plastic foil box,,
plastic food container,,
plastic mat,,
plastic packet,,
plastic plant,,
plastic sack,,
plastic stool,,
plastic storage basket,,
plastic storage baskets,,
plastic tray,,
plastic wall container,,
plastic wall panel,,
plastic wall shelf,,
plastic washbasin,,
plastic wrap,,
plastic wrap pack,,
plate,,
plate coaster,,
plate flush,,
plate of food,,
plate rack,,
plate weights,,
plates,,
platform,,
platform dolly,,
platform trolley,,
playstation,,
pliers,,
plug,,
plumbing pipe,,
plunger,,
plush doll,,
plush toy,,
plushie,,
pocket calculator,,
pocket tissue,,
podium,,
pole,,
pole stand,,
pool cue,,
pool cue holder,,
pool stick holder,,
pool table,,
portable fan,,
portable heater,,
portable ladder,,
portable light,,
portable speaker,,
portable vacuum cleaner,,
post it,,
post it note,,
post it notes,,
post-it,,
postcards,,
poster,,
poster rail,,
poster stand,,
posters,,
postit note,,
pot,,
pot cover,,
pot holder,,
pot lid,,
pot rolling tray,,
pots,,
potted plant,,
pouch,,
pouches,,
power adapter,,
power bank,,
power board,,
power brick,,
power cabinet,,
power cables,,
power cord,,
power cube,,
power extender,,
power extension,,
power extension cable,,
power oulet,,
power outlet,,
power outlets,,
power panel,,
power plug,,
power socket,socket,socket
power socket unit,,
power sockets,,
power strip,,
power supply,,
power switch,,
power switch box,,
power switches,,
powerbank,,
powerstrip,,
pressure cooker,,
pride flag,,
pringles can,,
printer,,
printer cutter,,
printing paper,,
probe,,
product dispenser bottle,,
product tube,,
projection curtain,,
projection screen,,
projector,,
projector holder,,
projector rail,,
projector screen,,
prosthetic leg,,
puch,,
pull up bar,,
pull-up bar,,
pullover,,
pullup bar,,
pumper,,
punching bag,,
punching machine,,
punching tool,,
purse,,
push cart,,
racing simulator,,
rack,,
rack shelf,,
racquet,,
racquet bag,,
radiator,,
radiator pipe,,
radiator pipes,,
radio,,
rag,,
rags,,
rail shelf,,
railing,,
raised floor,floor,
range,,
range hood,,
razor,,
razor blade,,
receipt,,
recessed shelve,recessed shelf,recessed shelf
recessed shower shelve,recessed shelf,recessed shelf
recessed wardrobe,,
recesssed shelf,recessed shelf,recessed shelf
recliner,,
record player,,
recycle bag,,
recycle bin,,
refillable water bottle,,
refirgerator,refrigerator,refrigerator
reflection,,
refrigerator,,
regulator,,
relaxing chair,,
remote,,
remote control,,
remote controller,,
reusable plastic bag,,
reusable shopping bag,,
reusable shopping bags,,
reusable water bottle,,
ribbon,,
rice bag,,
rice cooker,,
ring light,,
ringlight,,
rj45 outlet,,
rj45 outlets,,
robe,,
robes,,
robot,,
robot car,,
robot vaccuum cleaner,robot vacuum cleaner,robot vacuum cleaner
robot vacuum cleaner,,
robotic arm,,
rock,,
rod,,
rods,,
rolled paper,,
roll,,
roll of tape,,
rolled backdrop,,
rolled blanket,,
rolled blinds,,
rolled cable,,
rolled mat,,
rolled mattress,,
rolled papers,,
rolled poster,,
rolled projection screen,,
roller blind,,
roller blinds,,
roller blinds pull cord,,
roller shutter,,
roller skate,,
roller tray,,
rolling bag,,
rolling blind,,
rolling blinds,,
rolling cabinet,,
rolling cart,,
rolling chair,,
rolling curtain,,
rolling mat,,
rolling pin,,
rolling shelf,,
rolling shelf cart,,
rolling stand,,
rolling table,,
rolling trolley,,
roman chair,,
roof,,
room divider,,
room divider rail,,
room freshener,,
room partition,,
roomba,robot vacuum cleaner,robot vacuum cleaner
rope,,
round chair,,
round pouch,,
round table,,
router,,
rubber duck,,
rubber glove,,
rubber heating pad,,
rubber water bag,,
rubik's cube,,
rucksack,,
rug,,
rugby ball,,
running shoe,,
running shoes,,
sac,,
sack,,
safe,,
safe box,,
safety bollard,,
safety poster,,
salad spinner,,
salt,,
salt container,,
salt shaker,,
sandal,,
sandals,,
sandwich bread,,
sandwich maker,,
sanitary bag,,
sanitary bag dispenser,,
sanitary product,,
santa hat,,
satchel,,
satchel bag,,
satchels,,
sauce bottle,,
sauce pan,,
sauce rack,,
saucer,,
soap,,
soap container,,
scale,,
scanner,,
scarf,,
scientific equipment,,
scissor,,
scissors,,
scooter,,
scrap carton,,
screen,,
screwdriver,,
scroll,,
scrubber,,
sculpture,,
seasoning pot,,
seat,,
seat cushion,,
security cam,,
security camera,,
separation wall,,
service trolley,,
serving tray,,
serving trolley,,
sewing machine,,
shade,,
shades,,
shades roller,,
shades slider,,
shampoo,,
shampoo bottle,,
shampoo bottles,,
shampoo dispenser,,
shaving foam,,
shawl,,
sheep doll,,
sheet,,
sheets,,
shelf,,
shelf contents,,
shelf rail,,
shelf trolley,,
shelve,,
shelves,,
shelving cart,,
shelving unit,,
shirt,,
shirts,,
shisha,,
shoe,shoes,shoes
shoe box,,
shoe cabinet,,
shoe case,,
shoe horn,,
shoe mat,,
shoe rack,,
shoe tray,,
shoe wall rack,,
shoebox,,
shoes,,
shoes holder,,
shopping bag,,
shopping basket,,
shopping trolley,,
short table,,
shorts,,
show curtain rod,,
shower,,
shower arm,,
shower cabin,,
shower caddy,,
shower cap,,
shower ceiling,,
shower control,,
shower cubicle,,
shower curtain,,
shower curtain rail,,
shower curtain rod,,
shower door,,
shower door frame,,
shower drain,,
shower ewall,,
shower faucet,,
shower floor,,
shower gel,,
shower gel bottle,,
shower glass,,
shower handle,,
shower head,,
shower head mount,,
shower holder,,
shower hose,,
shower loofah,,
shower mat,,
shower pan,,
shower partition,,
shower pipe,,
shower puff,,
shower rack,,
shower rail,,
shower rod,,
shower rod handle,,
shower rug,,
shower screen,,
shower seating,,
shower shelf,,
shower sink,,
shower sponge,,
shower squeegee,,
shower tap,,
shower tray,,
shower tub,,
shower valve,,
shower wal,,
shower wall,,
shower wiper,,
shutter box,,
shwer curtain rail,shower curtain rail,shower curtain rail
side table,,
sidetable,,
sign,,
sign board,,
silicon gun,,
sill,,
single couch,,
sink,,
sink brush,,
sink counter,,
sink countertop,,
sink pipe,,
sink shelf,,
sit-up pillow,,
skateboard,,
skeleton,,
ski,,
ski boots,,
ski goggles,,
ski pole,,
ski poles,,
ski rack,,
ski sticks,,
skiboard,,
skiing goggles,,
skiing shoe,,
skin care product,,
skis,,
skylight,,
sleep mask,,
sleeping bag,,
slide bar,,
sliding blackboard track,,
sliding door,,
sliding door frame,,
sliding door rail,,
sliding glass door,,
sliding window,,
sling bag,,
slipper,slippers,slippers
slippers,,
smal broom,,
small appliance,,
small bag,,
small bookshelf,,
small bowl,,
small cabinet,,
small dresser,,
small wardrobe,,
small whiteboard,,
smartboard,,
smartphone,,
smartphone holder,,
smoke alarm,smoke detector,smoke detector
smoke detector,,
smoke detectors,,
snack,,
snack bag,,
sneaker,,
sneakers,,
snow sled,,
snowboard,,
snowglobe,,
soap bar,,
soap basket,,
soap bottle,,
soap dish,,
soap dispenser,,
soap dispensers,,
soap holder,,
soap tray,,
sock,,
socket,,
socket box,,
socket extender,,
socket strip,,
socket switch,,
sockets,,
socks,,
soda stream,,
sofa,,
sofa chair,,
sofa cover,,
sofa cushion,,
sofa module,,
sofa pillow,,
softbox,,
softbox light,,
soldering iron,,
soldering station,,
sombrero,,
sound absorbing panel,,
space heater,,
spatula,,
speaker,,
speaker stand,,
speakers,,
spectacle case,,
spectacles,,
spectacles case,,
spice,,
spice bottle,,
spice container,,
spice jar,,
spice jars,,
spice rack,,
spices,,
spill mat,,
sponge,,
sponge cloth,,
spool,,
spoon,,
spotlight,,
spray,,
spray bottle,,
spray bottles,,
spray can,,
square conduit,,
square plastic conduit,,
squat rack,,
squeegee,,
stabilizer,,
stack of chairs,,
stack of paper,,
stack of stools,,
stack of tyres,,
stacked chairs,,
stage,,
stair,,
stair railing,,
stair railling,,
staircase,,
staircase railing,,
stairs,,
stall door,,
stamp,,
stand,,
stand mixer,,
standing banner,,
standing calendar,,
standing clothes hanger,,
standing coat rack,,
standing fan,,
standing lamp,,
standing light,,
standing mirror,,
standing podium,,
standing poster,,
standing speaker,,
standing whiteboard,,
stapler,,
star,,
stationaries,stationery,stationery
stationary,stationery,stationery
stationary cup,,
stationery,,
stationery container,,
stationery rack,,
stationery tray,,
statue,,
steam iron,,
steel beam,,
step,,
step ladder,,
step stool,,
stepladder,,
stepstool,,
stereo,,
stereo box,,
stick,,
stick vacuum cleaner,,
sticker,,
sticky note,,
sticky notes,,
stock pot,,
stool,,
stool bench,,
stools,,
storage,,
storage basket,,
storage bench,,
storage bin,,
storage box,,
storage cabinet,,
storage chest,,
storage closet,,
storage container,,
storage grid,,
storage organizer,,
storage rack,,
storage roller cart,,
storage shelf,,
storage stool,,
storage tank,,
storage trolley,,
stove,,
stove hood,,
stove top,,
stovetop,stove top,stove top
straightening iron,,
strainer,,
straws,,
stream deck,,
strip,,
structure,,
structural column,,
structural pillar,,
studio light,,
study table,,
stuffed animal,,
stuffed animal door insulator,,
stuffed toy,,
stuffed toys,,
styrofoam,,
styrofoam box,,
suit,,
suit bag,,
suit cover,,
suitcase,,
sunblock,,
sunglasses,,
supermarket catalog,,
surface cleaner,,
surface cleaning liquid,,
surface mount raceway,,
surfboard,,
surfing board,,
surfsuit,,
surveillance camera,,
suspended ceiling,ceiling,ceiling
sweater,,
sweatpants,,
switch,,
switch board,,
switchboard,,
switchboard cabinet,,
switchboard cover,,
switches,,
swtich,,
t shirt,,
t-shirt,,
table,,
table calander,,
table clock,,
table cloth,,
table decoration,,
table fan,,
table football,,
table lamp,,
table leg,,
table mat,,
table mirror,,
table tennis bat,,
table tennis racket,,
tablecloth,,
tables,,
tablet,,
tablet stand,,
tabletop,,
tableware,,
takeout box,,
tall table,,
tap,,
tape,,
tape dispenser,,
tape roll,,
tapestry,,
tarpaulin,,
tea box,,
tea cup,,
tea packets,,
tea pot,,
tea station,,
teakettle,,
teapot,,
teddy bear,,
telephone,,
telephone line socket,,
telephone stand,,
telescope,,
television,,
television stand,,
tempering valve,,
tennis bag,,
tennis ball,,
tennis cap,,
tennis racket,,
tennis rackets,,
tennis racquet,,
thermostat,,
thermos,,
tile wall,,
tiled floor,,
tiled wall,,
tin box,,
tissue box,,
tissue,,
tissue bag,,
tissue dispenser stand,,
tissue pack,,
tissue paper,,
tissue paper roll,,
tissue roll,,
tissues,,
toaster,,
toaster oven,,
toe kick,,
toilet,,
toilet brush,,
toilet brush bowl,,
toilet brush holder,,
toilet cabinet,,
toilet cleaner,,
toilet flush,,
toilet flush button,,
toilet flush buttons,,
toilet holder,,
toilet paper,,
toilet paper dispenser,,
toilet paper holder,,
toilet paper pack,,
toilet paper roll,,
toilet paper rolls,,
toilet paper stack,,
toilet papers,,
toilet plunger,,
toilet seat,,
toiletries,,
toiletry,,
toiletry bag,,
toiletry basket,,
toiletry bottle,,
toliet paper,toilet paper,toilet paper
toliet paper rolls,toilet paper,None
tongs,,
tool,,
tool box,,
tool cabinet,,
tool case,,
tool organizer,,
tool rack,,
tool trolley,,
toolbox,,
toolboxes,,
tools,,
tools storage,,
tooth brush,,
tooth cleaning product,,
tooth paste,,
tooth paste tube,,
toothbrush,,
toothbrush holder,,
toothbrushes,,
toothpaste,,
toothpaste bottle,,
toothpaste tube,,
top loading washing machine,,
tote bag,,
totebag,,
towel,,
towel hanger,,
towel heater,,
towel holder,,
towel paper dispenser,,
towel rack,,
towel radiator,,
towel rail,,
towel rod,,
towel warmer,,
towels,,
tower fan,,
tower pc,,
tower ventilator,,
toy,,
toy car,,
toy models,,
track system,,
training equipment,,
trash,,
trash bag,,
trash bag pack,,
trash bags,,
trash bin,trash can,trash can
trash can,,
trash can lid,,
trash cans,trash can,None
trash container,,
trashbin,trash can,trash can
trashcan,,
travel backpack,,
travel bag,,
travel suit bag,,
travelling bag,,
tray,,
treadmill,,
tree trunk,,
trenchcoat,,
triangle flags,,
tripod,,
tripod bag,,
tripods,,
trivet,,
trolley,,
trolley bag,,
trolley table,,
trolley tray,,
trousers,,
trunk,,
tshirt,,
tub,,
tube,,
tube container,,
tube light,,
tube lights,,
tubelight,,
tumbler,,
tupperware,,
tv,,
tv board,,
tv cabinet,,
tv console,,
tv controller,,
tv mount,,
tv receiver,,
tv remote,,
tv screen,,
tv stand,,
tv table,,
tv trolley,,
typewriter,,
umbrella,,
umbrella can,,
umbrella holder,,
umbrella stand,,
upholstered bench,,
urinal,,
usb hub,,
utensil canister,,
utensil cup,,
utensil holder,,
utensil rack,,
utensil tray,,
utensils,,
utility box,,
utility cart,,
utility room door,,
vaccum cleaner,vacuum cleaner,vacuum cleaner
vacuum cleaner,,
vacuum cleaner head,,
vacuum flask,,
vacuum robot,,
valve,,
vanity light,,
vape pen,,
vase,,
vegetable box,,
vegetables,,
vent,,
ventilation,,
ventilation duct,,
ventilation fan,,
ventilation pipe,,
ventilation shaft,,
ventilator,,
vertical blind control,,
vertical blinds,,
vice,,
vise,,
voltage stabilizer,,
vottle,bottle,bottle
vr headset,,
vr setup,,
waffle maker,,
wal,wall,wall
walking cane,,
wall,,
wall /other room,wall,wall
wall beam,,
wall board,,
wall cabinet,,
wall calendar,,
wall clock,,
wall coat hanger,,
wall coat rack,,
wall cord cover,,
wall decoration,,
wall flush,,
wall frame,,
wall handle,,
wall hanger,,
wall hanging,,
wall hanging basket,,
wall hanging rack,,
wall hook,,
wall hook rack,,
wall hooks,,
wall intercom,,
wall lamp,,
wall light,,
wall mirror,,
wall mounted coat rack,,
wall mounted organizer,,
wall mounted table,,
wall mounted telephone,,
wall mounted thermostat,,
wall mounts,,
wall organizer,,
wall outlet,,
wall painting,,
wall panel,,
wall paper,,
wall phone,,
wall rack,,
wall shelf,,
wall shelf unit,,
wall sign,,
wall speaker,,
wall strip,,
wall telephone sockets,,
wall thermostat,,
wall unit,,
wall/other room,,
wallet,,
wardrobe,,
wardrobe box,,
wardrobe frame,,
wardrobe rack,,
wasching machine,,
wash basin,,
washbasin,,
washcloth,,
washing machine,,
washing powder,,
wastebin,,
watch,,
water boiler,,
water boittle,,
water bottle,,
water bubbler,,
water bucket,,
water container,,
water cooler,,
water dispenser,,
water filter,,
water filter jug,,
water heater,,
water jug,,
water kettle,,
water meter,,
water pipe,,
water pipes,,
water pitcher,,
water pot,,
water sweeper,,
water tap,,
watering bucket,,
watering can,,
watering pot,,
water meter cover,,
web cam,,
webcam,,
weighing scale,,
weight,,
weight bar,,
weight plate,,
weight plates,,
weight scale,,
weights,,
wet tissue,,
wet wipes,,
wetmop,,
wheelbarrow,,
wheelchair,,
wheeled chair,,
wheeled side table,,
wheeled storage cabinet,,
whiskey bottle,,
white board,,
whiteboard,,
whiteboard duster,,
whiteboard eraser,,
whiteboard marker,,
whiteboard marker holder,,
whiteboard markers,,
whiteboard mount,,
whiteboard pens,,
whiteboard rag,,
whiteboard stand,,
whiteboards,whiteboard,
wicket door,,
wifi router,,
window,,
window blind,blinds,blinds
window casing,,
window cleaning brush,,
window counter,,
window cover panel,,
window door,,
window frame,,
window handle,,
window head,,
window lintel,,
window pane,,
window shutters,,
window sign,,
window sill,windowsill,windowsill
window wiper,,
windowframe,window frame,window frame
windows,,
windowsill,,
wine bottle,,
wine bottles,,
wine rack,,
wiper,,
wire,,
wire basket,,
wire hider,,
wire junction,,
wire spool,,
wire stripper,,
wire tray,,
wireless charger,,
wireless headphones,,
wires,,
wlan router,,
wok pan,,
wood block,,
wood branch,,
wood panel,,
wood piece,,
wood planks,,
wood stick,,
wooden basket,,
wooden beam,,
wooden bench,,
wooden block,,
wooden board,,
wooden box,,
wooden brush,,
wooden chest,,
wooden crate,,
wooden frame,,
wooden palette,,
wooden pallet,,
wooden panel,,
wooden panel window,,
wooden plan,,
wooden plank,,
wooden planks,,
wooden post,,
wooden shelves,,
wooden spoon,,
wooden stick,,
woofer,,
woofer speaker,,
work bench,,
work station,,
workbench,,
workshop tool,,
wrist rest,,
yoga brick,,
yoga mat,,
yoga mat band,,
yogurt cup,,
zip up hoodie,,
